id,sentence
1,"Tidyverse is a collection of R packages designed for data science with a shared philosophy."
2,"Functions in R are first-class objects that can be assigned to variables and passed as arguments."
3,"The pipe operator (%>%) in R allows chaining of operations for more readable code."
4,"Shiny is an R package for building interactive web applications directly from R."
5,"Vectorization in R performs operations on entire vectors without explicit loops for faster code."
6,"R's lazy evaluation only evaluates function arguments when they are used within the function body."
7,"The tidyr package provides functions to reshape data between wide and long formats."
8,"Reactive programming in Shiny creates interfaces that update automatically when inputs change."
9,"R packages bundle together code, data, documentation, and tests for reproducible R code."
10,"ggplot2 implements the grammar of graphics for creating complex plots with simple components."
11,"Functional programming in R emphasizes using functions to solve problems for modular code."
12,"The roxygen2 package simplifies documenting R functions and generating package documentation."
13,"R's S3 object system provides a simple way to implement object-oriented programming."
14,"The purrr package offers tools for working with functions and vectors in R consistently."
15,"Tidy evaluation in R allows working with column names in tidyverse functions as variables."
16,"The testthat package provides a framework for unit testing in R to ensure code works as expected."
17,"R's metaprogramming capabilities allow writing code that generates or manipulates other code."
18,"The devtools package streamlines R package development from creation to testing and sharing."
19,"Data validation and cleaning are crucial steps in any data analysis workflow."
20,"R Markdown creates dynamic documents combining narrative text, code, and output in a single file."
21,"The dplyr package provides a consistent set of verbs for common data manipulation tasks."
22,"R's vectorized operations often make loops unnecessary, improving code readability and performance."
23,"The lubridate package simplifies working with dates and times in R."
24,"Shiny modules allow creating reusable components in Shiny applications."
25,"R's formula notation provides a concise way to specify models for complex statistical relationships."
26,"The tibble package provides a modern reimagining of the data frame with more consistent behavior."
27,"R's reference classes provide an object-oriented system with mutable objects and multiple inheritance."
28,"The forcats package provides tools for solving common problems with factors in R."
29,"Shiny's reactivity model ensures outputs update automatically when associated inputs change."
30,"The magrittr package extends R's piping concept for more complex data manipulation workflows."
31,"R's S4 system provides a formal approach to object-oriented programming with multiple dispatch."
32,"The readr package offers a fast and friendly way to read rectangular data like CSV files."
33,"Shiny's reactive expressions cache results of expensive computations to improve app performance."
34,"The purrr package's map functions provide a consistent interface for applying functions to lists."
35,"R's environments manage variable scope and create data structures with reference semantics."
36,"The stringr package offers a cohesive set of functions for working with strings in R."
37,"Shiny's observeEvent() and eventReactive() functions respond to specific input changes or clicks."
38,"The usethis package automates common package development tasks in R."
39,"R's non-standard evaluation allows capturing and evaluating expressions in custom environments."
40,"The reprex package helps create reproducible examples for getting help with R-related questions."
41,"Shiny's reactive values store and update reactive state not directly tied to inputs or outputs."
42,"The rlang package provides tools for working with core R and the tidyverse, including metaprogramming."
43,"R's condition system allows signaling and handling errors, warnings, and messages in your code."
44,"The httr package simplifies working with web APIs from R, handling HTTP requests and responses."
45,"Shiny's bookmarkable state feature allows users to save and share the current app state."
46,"The assertthat package provides an enhanced replacement for stopifnot() to check function conditions."
47,"R's attributes associate arbitrary metadata with any object, forming the basis for OOP in R."
48,"The readxl package enables reading Excel files directly into R without external dependencies."
49,"Shiny's CSS theming capabilities allow customizing application appearance to match branding."
50,"The vctrs package provides tools for creating custom vector classes that work across the tidyverse."
51,"R's byte code compiler can improve code performance by translating it to a lower-level representation."
52,"The jsonlite package offers a fast JSON parser and generator optimized for statistical data."
53,"Shiny's dynamic UI functions create interfaces that change based on user input or calculations."
54,"The withr package provides functions for temporarily modifying global state in R."
55,"R's profiling tools help identify performance bottlenecks in your code for targeted optimization."
56,"The knitr package powers R Markdown, enabling dynamic report generation with embedded R code."
57,"Shiny's reactive domains isolate parts of your application to prevent unwanted reactivity propagation."
58,"The fs package provides consistent cross-platform file system operations in R."
59,"R's promises and future package enable writing asynchronous code for responsive applications."
60,"The DT package creates interactive tables in Shiny and R Markdown using the DataTables library."
61,"Shiny's validation functions provide informative error messages for invalid user inputs."
62,"The bench package offers tools for accurately benchmarking and comparing R expression performance."
63,"R's quasiquotation system combines code and data to generate new expressions for metaprogramming."
64,"The glue package provides fast, dependency-free interpreted string literals in R."
65,"Shiny's brushing and linking features create interactive plots where selections affect other plots."
66,"The tidyselect package offers a consistent way to select variables in tidyverse data manipulation."
67,"Rcpp allows seamless integration of C++ code into R packages for performance-critical operations."
68,"The plotly package creates interactive web graphics from ggplot2 graphs and R code."
69,"Shiny's modules system breaks large applications into smaller, self-contained pieces."
70,"The furrr package combines purrr's functional programming with future's parallel processing."
71,"R's S4 method dispatch system allows multiple dispatch based on multiple argument classes."
72,"The data.table package provides an enhanced version of data.frames for fast large data aggregation."
73,"Shiny's reactive timer creates animations or periodic output updates without user interaction."
74,"The tidypredict package translates R models into SQL for scoring new data in databases."
75,"R's package namespaces control which functions and objects are exposed to package users."
76,"The scales package customizes the appearance of plot axes and legends in ggplot2."
77,"Shiny's progress indicators keep users informed during long-running computations."
78,"The vroom package enables fast reading of delimited files by lazily loading data into memory."
79,"R's debugging tools like browser() and debug() pause execution to inspect program state."
80,"The bookdown package extends R Markdown to simplify writing books and long-form articles."
81,"Shiny's dynamic tabs feature creates tabbed interfaces that change based on inputs or conditions."
82,"The lobstr package provides tools for inspecting and understanding R data structures."
83,"R's garbage collector automatically frees unused memory to improve code efficiency."
84,"The tidymodels meta-package offers a framework for modeling and machine learning using tidyverse principles."
85,"Shiny's reactive conductors allow creating reactive sources modifiable by server code."
86,"The styler package provides non-destructive code formatting for consistent coding style."
87,"R's lexical scoping rules determine how values of free variables are found in closures and packages."
88,"The targets package provides a pipeline toolkit for reproducible research and high-performance computing."
89,"Shiny's modal dialogs create pop-up windows for important information or additional user input."
90,"The tidytext package applies tidy data principles to text mining tasks in R."
91,"R's condition handling system allows graceful handling of errors and exceptional conditions."
92,"The renv package provides project-local R dependency management for reproducibility."
93,"Shiny's debounce and throttle functions control the rate of computationally expensive reactions."
94,"The conflicted package manages namespace conflicts by requiring explicit function choice."
95,"R's byte-code compiler can improve performance of functions with many iterations or complex calculations."
96,"The golem package provides a framework for building production-grade Shiny applications."
97,"Shiny's isolate() function accesses reactive values without creating dependencies."
98,"The lintr package performs static code analysis to identify stylistic and programmatic errors."
99,"R's language objects capture unevaluated expressions, forming the basis for non-standard evaluation."
100,"The plumber package creates APIs by decorating existing R code with special comments."
